issue_type,opp_id,order_id
ref_format,OPP-00002,SO-00002
dwh_missing,OPP-00006,SO-00005
ref_missing,OPP-00019,SO-00015
ref_format,OPP-00026,SO-00020
period_shift,OPP-00027,SO-00021
ref_format,OPP-00032,SO-00025
ref_format,OPP-00034,SO-00026
ref_missing,OPP-00041,SO-00029
dwh_duplicate,OPP-00042,SO-00030
amount_mismatch,OPP-00044,SO-00032
ref_format,OPP-00045,SO-00033
ref_format,OPP-00048,SO-00035
period_shift,OPP-00053,SO-00037
dwh_missing,OPP-00055,SO-00039
dwh_missing,OPP-00056,SO-00040
missing_order,OPP-00058,
amount_mismatch,OPP-00061,SO-00044
ref_missing,OPP-00065,SO-00047
dwh_missing,OPP-00068,SO-00050
split_order,OPP-00071,SO-00052
amount_mismatch,OPP-00076,SO-00057
missing_order,OPP-00080,
dwh_duplicate,OPP-00081,SO-00061
dwh_missing,OPP-00086,SO-00064
split_order,OPP-00088,SO-00066
dwh_duplicate,OPP-00089,SO-00068
amount_mismatch,OPP-00094,SO-00071
amount_mismatch,OPP-00104,SO-00078
ref_format,OPP-00107,SO-00080
dwh_missing,OPP-00108,SO-00081
ref_missing,OPP-00114,SO-00087
amount_mismatch,OPP-00115,SO-00088
dwh_duplicate,OPP-00117,SO-00089
missing_order,OPP-00118,
ref_format,OPP-00125,SO-00094
period_shift,OPP-00126,SO-00095
currency_invoiced,OPP-00128,SO-00097
missing_order,OPP-00131,
ref_format,OPP-00139,SO-00102
dwh_missing,OPP-00145,SO-00107
ref_format,OPP-00154,SO-00114
dwh_missing,OPP-00161,SO-00119
ref_format,OPP-00167,SO-00122
amount_mismatch,OPP-00171,SO-00125
ref_format,OPP-00175,SO-00127
dwh_duplicate,OPP-00176,SO-00128
amount_mismatch,OPP-00178,SO-00130
missing_order,OPP-00184,
amount_mismatch,OPP-00189,SO-00135
ref_missing,OPP-00190,SO-00136
ref_format,OPP-00191,SO-00137
amount_mismatch,OPP-00197,SO-00140
split_order,OPP-00198,SO-00141
amount_mismatch,OPP-00204,SO-00145
split_order,OPP-00209,SO-00150
split_order,OPP-00210,SO-00152
dwh_duplicate,OPP-00216,SO-00158
ref_format,OPP-00223,SO-00164
missing_order,OPP-00229,
amount_mismatch,OPP-00231,SO-00169
ref_format,OPP-00233,SO-00171
dwh_duplicate,OPP-00235,SO-00172
ref_format,OPP-00239,SO-00175
ref_missing,OPP-00241,SO-00177
ref_missing,OPP-00243,SO-00179
dwh_missing,OPP-00247,SO-00183
dwh_missing,OPP-00250,SO-00185
dwh_missing,OPP-00255,SO-00187
dwh_duplicate,OPP-00261,SO-00189
split_order,OPP-00262,SO-00190
ref_format,OPP-00268,SO-00193
amount_mismatch,OPP-00269,SO-00194
dwh_duplicate,OPP-00274,SO-00197
ref_format,OPP-00275,SO-00198
ref_format,OPP-00279,SO-00202
ref_format,OPP-00286,SO-00208
missing_order,OPP-00289,
split_order,OPP-00302,SO-00217
dwh_missing,OPP-00310,SO-00223
dwh_duplicate,OPP-00312,SO-00225
period_shift,OPP-00315,SO-00226
ref_format,OPP-00316,SO-00227
dwh_duplicate,OPP-00318,SO-00229
split_order,OPP-00323,SO-00231
ref_missing,OPP-00332,SO-00237
dwh_duplicate,OPP-00333,SO-00238
missing_order,OPP-00342,
amount_mismatch,OPP-00343,SO-00245
ref_format,OPP-00351,SO-00248
dwh_missing,OPP-00352,SO-00249
ref_format,OPP-00354,SO-00251
ref_format,OPP-00366,SO-00259
ref_missing,OPP-00371,SO-00264
missing_order,OPP-00377,
ref_format,OPP-00385,SO-00272
ref_missing,OPP-00386,SO-00273
amount_mismatch,OPP-00388,SO-00274
amount_mismatch,OPP-00390,SO-00276
ref_missing,OPP-00391,SO-00277
dwh_missing,OPP-00393,SO-00279
ref_format,OPP-00394,SO-00280
split_order,OPP-00396,SO-00281
amount_mismatch,OPP-00403,SO-00286
period_shift,OPP-00404,SO-00287
ref_missing,OPP-00407,SO-00288
split_order,OPP-00408,SO-00289
missing_order,OPP-00409,
dwh_duplicate,OPP-00413,SO-00294
ref_format,OPP-00414,SO-00295
missing_order,OPP-00417,
dwh_missing,OPP-00428,SO-00303
dwh_missing,OPP-00431,SO-00306
dwh_missing,OPP-00434,SO-00309
ref_format,OPP-00438,SO-00312
amount_mismatch,OPP-00445,SO-00314
amount_mismatch,OPP-00463,SO-00328
currency_invoiced,OPP-00466,SO-00331
ref_format,OPP-00467,SO-00332
ref_format,OPP-00471,SO-00333
amount_mismatch,OPP-00473,SO-00334
period_shift,OPP-00481,SO-00342
ref_missing,OPP-00484,SO-00345
ref_format,OPP-00488,SO-00349
dwh_missing,OPP-00499,SO-00355
dwh_missing,OPP-00503,SO-00358
ref_format,OPP-00505,SO-00360
amount_mismatch,OPP-00506,SO-00361
ref_missing,OPP-00508,SO-00363
ref_missing,OPP-00516,SO-00369
ref_missing,OPP-00521,SO-00371
ref_format,OPP-00523,SO-00372
ref_format,OPP-00530,SO-00376
amount_mismatch,OPP-00532,SO-00377
amount_mismatch,OPP-00535,SO-00378
ref_missing,OPP-00540,SO-00379
ref_format,OPP-00541,SO-00380
ref_format,OPP-00545,SO-00383
amount_mismatch,OPP-00550,SO-00386
dwh_missing,OPP-00554,SO-00390
split_order,OPP-00557,SO-00391
amount_mismatch,OPP-00561,SO-00396
amount_mismatch,OPP-00564,SO-00397
ref_format,OPP-00565,SO-00398
ref_format,OPP-00568,SO-00400
missing_order,OPP-00571,
dwh_duplicate,OPP-00578,SO-00406
amount_mismatch,OPP-00584,SO-00409
ref_missing,OPP-00587,SO-00412
ref_format,OPP-00588,SO-00413
dwh_missing,OPP-00591,SO-00414
amount_mismatch,OPP-00593,SO-00416
ref_missing,OPP-00597,SO-00419
amount_mismatch,OPP-00598,SO-00420
no_crm_opportunity,,SO-00423
no_crm_opportunity,,SO-00424
no_crm_opportunity,,SO-00425
no_crm_opportunity,,SO-00426
no_crm_opportunity,,SO-00427
no_crm_opportunity,,SO-00428
no_crm_opportunity,,SO-00429
no_crm_opportunity,,SO-00430
no_crm_opportunity,,SO-00431
no_crm_opportunity,,SO-00432
no_crm_opportunity,,SO-00433
no_crm_opportunity,,SO-00434
